Workbook

Sheet Campaign Setup
A1: CAMPAIGN SETUP
A2: Campaign Name | B2: Bloom Dental Studio - 60-Day New Patient Consultation Campaign
A3: Client / Business Name | B3: Bloom Dental Studio
A4: Campaign Start Date | B4: 46235
A5: Campaign End Date | B5: 46295
A6: Primary Goal Description | B6: Book 60 confirmed free new-patient consultations within 60 days
A7: Primary Goal Target | B7: 60
A8: Primary Goal Metric (e.g. booked consultations) | B8: Confirmed booked consultations
A10: KPI Name | B10: Baseline | C10: Target | D10: Unit | E10: Notes
A11: Booked consultations per month | B11: 6 | C11: 30 | D11: bookings/month | E11: Baseline from current website leads; target equals 60 bookings over 60 days
A12: No-show rate (%) | B12: 35 | C12: 15 | D12: % | E12: Lower is better; target is below 15%
A13: Lead-to-book conversion rate (%) | B13: 30 | C13: 50 | D13: % | E13: Current approx. 6 bookings from 20 monthly leads
A14: Whitening attach rate (%) | B14: 17.5 | C14: 40 | D14: % | E14: Estimated current attach rate 15-20%; target 40%
A15: New leads per month | B15: 20 | C15: 60 | D15: leads/month | E15: Target assumes paid Meta traffic increases qualified lead volume
A16: Revenue per month | B16: Not tracked | C16: 180000 | D16: PHP/month | E16: Target from whitening upside; actual baseline not provided

Sheet Weekly Tracker
A1: Week # | B1: Week Start Date | C1: ='Campaign Setup'!A11 | D1: ='Campaign Setup'!A12 | E1: ='Campaign Setup'!A13 | F1: ='Campaign Setup'!A14 | G1: ='Campaign Setup'!A15 | H1: ='Campaign Setup'!A16 | I1: Notes
A2: 1 | B2: ='Campaign Setup'!B4
A3: 2 | B3: =B2+7
A4: 3 | B4: =B3+7
A5: 4 | B5: =B4+7
A6: 5 | B6: =B5+7
A7: 6 | B7: =B6+7
A8: 7 | B8: =B7+7
A9: 8 | B9: =B8+7
A11: Totals / Avg | C11: =SUM(C2:C9) | D11: =IFERROR(AVERAGE(D2:D9),"") | E11: =IFERROR(AVERAGE(E2:E9),"") | F11: =IFERROR(AVERAGE(F2:F9),"") | G11: =SUM(G2:G9) | H11: =SUM(H2:H9)

Sheet Progress Dashboard
A1: CAMPAIGN PROGRESS DASHBOARD
A2: Campaign Overview
A3: Campaign Name | B3: ='Campaign Setup'!B2
A4: Start Date | B4: ='Campaign Setup'!B4
A5: End Date | B5: ='Campaign Setup'!B5
A6: Days Elapsed | B6: =TODAY()-'Campaign Setup'!B4
A7: Days Remaining | B7: ='Campaign Setup'!B5-TODAY()
A8: Primary Goal | B8: ='Campaign Setup'!B6
A9: Goal Target | B9: ='Campaign Setup'!B7
A10: Goal Metric | B10: ='Campaign Setup'!B8
A11: KPI Status
A12: KPI Name | B12: Latest Actual (Wk 8) | C12: Target | D12: Status
A13: ='Campaign Setup'!A11 | B13: ='Weekly Tracker'!C9 | C13: ='Campaign Setup'!C11 | D13: =IF(B13>=C13,"On Track","Needs Attention")
A14: ='Campaign Setup'!A12 | B14: ='Weekly Tracker'!D9 | C14: ='Campaign Setup'!C12 | D14: =IF(B14<=C14,"On Track","Needs Attention")
A15: ='Campaign Setup'!A13 | B15: ='Weekly Tracker'!E9 | C15: ='Campaign Setup'!C13 | D15: =IF(B15>=C15,"On Track","Needs Attention")
A16: ='Campaign Setup'!A14 | B16: ='Weekly Tracker'!F9 | C16: ='Campaign Setup'!C14 | D16: =IF(B16>=C16,"On Track","Needs Attention")
A17: ='Campaign Setup'!A15 | B17: ='Weekly Tracker'!G9 | C17: ='Campaign Setup'!C15 | D17: =IF(B17>=C17,"On Track","Needs Attention")
A18: ='Campaign Setup'!A16 | B18: ='Weekly Tracker'!H9 | C18: ='Campaign Setup'!C16 | D18: =IF(B18>=C18,"On Track","Needs Attention")
